{
  "mIoU": 0.6503398779561349,
  "IoU_per_class": [
    0.815301041161477,
    0.4853787147507928
  ],
  "F1_proxy": 0.7881284172343324,
  "DET_l": 0.5,
  "tiny_true_positive": 2,
  "tiny_false_negative": 2
}